city,iataCode, Airport name, Location, Country,isInternational,existsCheapTrip
CGY Laguindingan International Airport,CGY,Laguindingan International Airport,Cagayan de Oro City,Philippines,YES,TRUE
FMA Formosa International Airport (El Pucú Airport),FMA,Formosa International Airport (El Pucú Airport),Formosa,Argentina,YES,TRUE
TPA Tampa International Airport,TPA,Tampa International Airport,"Tampa, Florida",United States,YES,FALSE
AMM Queen Alia International Airport,AMM,Queen Alia International Airport,Amman,Jordan,YES,TRUE
ELP El Paso International Airport,ELP,El Paso International Airport,"El Paso, Texas",United States,YES,FALSE
IAS Ia?i International Airport,IAS,Ia?i International Airport,Ia?i,Romania,YES,TRUE
KCH Kuching International Airport,KCH,Kuching International Airport,"Kuching, Sarawak",Malaysia,YES,TRUE
NBK Suvarnabhumi International Airport,NBK,Suvarnabhumi International Airport,Bangkok,Thailand,YES,TRUE
TPE Taiwan Taoyuan International Airport,TPE,Taiwan Taoyuan International Airport,"Taoyuan County, Taiwan",China,YES,TRUE
SFH San Felipe International Airport,SFH,San Felipe International Airport,"San Felipe, Baja California",Mexico,YES,TRUE
AAC El Arish International Airport,AAC,El Arish International Airport,El Arish,Egypt,YES,TRUE
AZO Kalamazoo/Battle Creek International Airport,AZO,Kalamazoo/Battle Creek International Airport,"Kalamazoo/Battle Creek, Michigan",United States,YES,FALSE
MES Polonia International Airport,MES,Polonia International Airport,Medan,Indonesia,YES,TRUE
CHC Christchurch International Airport,CHC,Christchurch International Airport,Christchurch,New Zealand,YES,TRUE
JAN Jackson-Evers International Airport,JAN,Jackson-Evers International Airport,"Jackson, Mississippi",United States,YES,FALSE
GLS Scholes International Airport at Galveston,GLS,Scholes International Airport at Galveston,"Galveston, Texas",United States,YES,FALSE
"HER Heraklion International Airport, Nikos Kazantzakis",HER,"Heraklion International Airport, Nikos Kazantzakis","Heraklion, Crete",Greece,YES,TRUE
PNH Phnom Penh International Airport,PNH,Phnom Penh International Airport,Phnom Penh,Cambodia,YES,TRUE
VIE Vienna International Airport,VIE,Vienna International Airport,Vienna,Austria,YES,TRUE
BKI Kota Kinabalu International Airport,BKI,Kota Kinabalu International Airport,Kota Kinabalu,Malaysia,YES,TRUE
SFO San Francisco International Airport,SFO,San Francisco International Airport,"San Francisco, California",United States,YES,FALSE
FMO Münster Osnabrück International Airport,FMO,Münster Osnabrück International Airport,"Greven, North Rhine-Westphalia",Germany,YES,TRUE
HET Hohhot Baita International Airport,HET,Hohhot Baita International Airport,"Hohhot, Inner Mongolia",China,YES,TRUE
LRU Las Cruces International Airport,LRU,Las Cruces International Airport,"Las Cruces, New Mexico",United States,YES,FALSE
NCE Côte d'Azur International Airport,NCE,Côte d'Azur International Airport,Nice,France,YES,TRUE
BKK Suvarnabhumi Airport(New Bangkok International Airport) (Donmuang Airport),BKK,Suvarnabhumi Airport(New Bangkok International Airport) (Donmuang Airport),Bangkok,Thailand,YES,TRUE
MEX Mexico City International Airport,MEX,Mexico City International Airport,Mexico City,Mexico,YES,TRUE
SFS Subic Bay International Airport,SFS,Subic Bay International Airport,"Morong, Bataan",Philippines,YES,TRUE
PNQ Pune International Airport,PNQ,Pune International Airport,Pune,India,YES,TRUE
YLW Kelowna International Airport,YLW,Kelowna International Airport,"Kelowna, British Columbia",Canada,YES,TRUE
JAX Jacksonville International Airport,JAX,Jacksonville International Airport,"Jacksonville, Florida",United States,YES,FALSE
ONT Ontario International Airport,ONT,Ontario International Airport,"Ontario, California",United States,YES,FALSE
SVO Sheremetyevo International Airport,SVO,Sheremetyevo International Airport,Moscow,Russia,YES,TRUE
PNS Pensacola International Airport,PNS,Pensacola International Airport,"Pensacola, Florida",United States,YES,FALSE
RDU Raleigh–Durham International Airport,RDU,Raleigh–Durham International Airport,"Raleigh / Durham, North Carolina",United States,YES,FALSE
DME Domodedovo International Airport,DME,Domodedovo International Airport,Moscow,Russia,YES,TRUE
TRC Francisco Sarabia International Airport (Torreón Int'l),TRC,Francisco Sarabia International Airport (Torreón Int'l),"Torreón, Coahuila",Mexico,YES,TRUE
VIN Gavryshivka International,VIN,Gavryshivka International,Vinnytsia,Ukraine,YES,TRUE
CTM Chetumal International Airport,CTM,Chetumal International Airport,"Chetumal, Quintana Roo",Mexico,YES,TRUE
DMK Don Mueang International Airport,DMK,Don Mueang International Airport,"Don Muang, Bangkok",Thailand,YES,TRUE
HFE Hefei Luogang International Airport,HFE,Hefei Luogang International Airport,"Hefei, Anhui",China,YES,TRUE
ZAM Zamboanga International Airport,ZAM,Zamboanga International Airport,Zamboanga City,Philippines,YES,TRUE
AAN Al Ain International Airport,AAN,Al Ain International Airport,Al Ain,United Arab Emirates,YES,TRUE
DMM King Fahd International Airport,DMM,King Fahd International Airport,Dammam,Saudi Arabia,YES,TRUE
ICN Incheon International Airport,ICN,Incheon International Airport,Incheon,South Korea,YES,TRUE
REC Guararapes International Airport,REC,Guararapes International Airport,Recife,Brazil,YES,TRUE
MFE McAllen-Miller International Airport,MFE,McAllen-Miller International Airport,"McAllen, Texas",United States,YES,FALSE
SVX Koltsovo International Airport,SVX,Koltsovo International Airport,Yekaterinburg,Russia,YES,TRUE
VIT Vitoria Foronda International Airport,VIT,Vitoria Foronda International Airport,Vitoria-Gasteiz,Spain,YES,TRUE
ANC Ted Stevens Anchorage International Airport,ANC,Ted Stevens Anchorage International Airport,"Anchorage, Alaska",United States,YES,FALSE
BAH Bahrain International Airport,BAH,Bahrain International Airport,Al Muharraq,Bahrain,YES,TRUE
CHQ Chania International Airport,CHQ,Chania International Airport,Chania,Greece,YES,TRUE
POA Salgado Filho International Airport,POA,Salgado Filho International Airport,"Porto Alegre, Rio Grande DO Sul",Brazil,YES,TRUE
XMN Xiamen Gaoqi International Airport,XMN,Xiamen Gaoqi International Airport,"Xiamen, Fujian",China,YES,TRUE
CHS Charleston International Airport / Charleston AFB,CHS,Charleston International Airport / Charleston AFB,"Charleston, South Carolina",United States,YES,FALSE
CTS Chitose International Airport,CTS,Chitose International Airport,"Sapporo, Hokkaido",Japan,YES,TRUE
GMP Gimpo International Airport (Kimpo Airport),GMP,Gimpo International Airport (Kimpo Airport),Seoul,South Korea,YES,TRUE
MQP Kruger Mpumalanga International Airport,MQP,Kruger Mpumalanga International Airport,Nelspruit,South Africa,YES,TRUE
SWF Stewart International Airport,SWF,Stewart International Airport,"Newburgh, New York",United States,YES,FALSE
FNT Bishop International Airport,FNT,Bishop International Airport,"Flint, Michigan",United States,YES,FALSE
HGH Hangzhou Xiaoshan International Airport,HGH,Hangzhou Xiaoshan International Airport,Hangzhou,China,YES,TRUE
SGN Tan Son Nhat International Airport,SGN,Tan Son Nhat International Airport,Ho Chi Minh City,Vietnam,YES,TRUE
CTU Chengdu Shuangliu International Airport,CTU,Chengdu Shuangliu International Airport,"Chengdu, Sichuan",China,YES,TRUE
REP Angkor International Airport,REP,Angkor International Airport,Siem Reap,Cambodia,YES,TRUE
VKO Vnukovo International Airport,VKO,Vnukovo International Airport,Moscow,Russia,YES,TRUE
MQT Sawyer International Airport,MQT,Sawyer International Airport,"Marquette, Michigan",United States,YES,FALSE
TRN Turin International Airport,TRN,Turin International Airport,Turin,Italy,YES,TRUE
FOC Fuzhou Changle International Airport,FOC,Fuzhou Changle International Airport,"Fuzhou, Fujian",China,YES,TRUE
KDH Kandahar International Airport,KDH,Kandahar International Airport,Kandahar,Afghanistan,YES,TRUE
RES Resistencia International Airport,RES,Resistencia International Airport,"Resistencia, Chaco",Argentina,YES,TRUE
ORD O'Hare International Airport (formerly Orchard Depot Field),ORD,O'Hare International Airport (formerly Orchard Depot Field),"Chicago, Illinois",United States,YES,FALSE
BWI Baltimore/Washington International Thurgood Marshall Airport,BWI,Baltimore/Washington International Thurgood Marshall Airport,"between Baltimore, Maryland and Washington, D.C.",United States,YES,FALSE
MFR Rogue Valley International - Medford Airport,MFR,Rogue Valley International - Medford Airport,"Medford, Oregon",United States,YES,FALSE
SHA Shanghai Hongqiao International Airport,SHA,Shanghai Hongqiao International Airport,Shanghai,China,YES,TRUE
ZCL General Leobardo C. Ruiz International Airport (La Calera Airport),ZCL,General Leobardo C. Ruiz International Airport (La Calera Airport),"Zacatecas, Zacatecas",Mexico,YES,TRUE
ORF Norfolk International Airport,ORF,Norfolk International Airport,"Norfolk, Virginia",United States,YES,FALSE
REX GENERAL Lucio Blanco International Airport,REX,GENERAL Lucio Blanco International Airport,Reynosa,Mexico,YES,TRUE
TRV Trivandrum International Airport,TRV,Trivandrum International Airport,"Trivandrum, Kerala",India,YES,TRUE
DNK Dnipropetrovsk International Airport,DNK,Dnipropetrovsk International Airport,Dnipropetrovsk,Ukraine,YES,TRUE
LEE Leesburg International Airport,LEE,Leesburg International Airport,"Leesburg, Florida",United States,YES,FALSE
RFD Chicago Rockford International Airport (Greater Rockford Airport),RFD,Chicago Rockford International Airport (Greater Rockford Airport),"Rockford, Illinois",United States,YES,FALSE
SXB Strasbourg Entzheim International Airport,SXB,Strasbourg Entzheim International Airport,Strasbourg,France,YES,TRUE
IDR Devi Ahilyabai Holkar International Airport,IDR,Devi Ahilyabai Holkar International Airport,"Indore, Madhya Pradesh",India,YES,TRUE
SHE Shenyang Taoxian International Airport,SHE,Shenyang Taoxian International Airport,Shenyang,China,YES,TRUE
VLG Villa Gesell - Pinamar International Airport,VLG,Villa Gesell - Pinamar International Airport,"Villa Gesell, Buenos Aires",Argentina,YES,TRUE
RGA Hermes Quijada International Airport,RGA,Hermes Quijada International Airport,"Río Grande, Tierra del Fuego",Argentina,YES,TRUE
TRZ Tiruchirapalli international Airport,TRZ,Tiruchirapalli international Airport,"Tiruchirapalli (Trichy), Tamil Nadu",India,YES,TRUE
YMX Montréal-Mirabel International Airport,YMX,Montréal-Mirabel International Airport,"Mirabel, Quebec",Canada,YES,TRUE
ABE Lehigh Valley International Airport,ABE,Lehigh Valley International Airport,"Allentown, Pennsylvania",United States,YES,FALSE
BWN Brunei International Airport,BWN,Brunei International Airport,Bandar Seri Begawan,Brunei,YES,TRUE
RGL Piloto Civil Norberto Fernández International Airport,RGL,Piloto Civil Norberto Fernández International Airport,"Río Gallegos, Santa Cruz",Argentina,YES,TRUE
ANR Antwerp International Airport,ANR,Antwerp International Airport,Antwerp,Belgium,YES,TRUE
BLI Bellingham International Airport,BLI,Bellingham International Airport,"Bellingham, Washington",United States,YES,FALSE
LEI Almería International Airport,LEI,Almería International Airport,Almería,Spain,YES,TRUE
RGN Yangon International Airport,RGN,Yangon International Airport,Yangon,Myanmar,YES,TRUE
FOR Pinto Martins International Airport,FOR,Pinto Martins International Airport,"Fortaleza, Ceará",Brazil,YES,TRUE
SHJ Sharjah International Airport,SHJ,Sharjah International Airport,Sharjah,United Arab Emirates,YES,TRUE
BLK Blackpool International Airport,BLK,Blackpool International Airport,"Blackpool, England",United Kingdom,YES,TRUE
IEV Kiev International Airport,IEV,Kiev International Airport,Kiev,Ukraine,YES,TRUE
SXR Srinagar International Airport,SXR,Srinagar International Airport,Srinagar,India,YES,TRUE
NGB Ningbo Lishe International Airport,NGB,Ningbo Lishe International Airport,"Ningbo, Zhejiang",China,YES,TRUE
NGO Chubu Centrair International Airport,NGO,Chubu Centrair International Airport,Nagoya,Japan,YES,TRUE
RHO Rhodes International Airport,RHO,Rhodes International Airport,Rhodes,Greece,YES,TRUE
TSN Tianjin Binhai International Airport,TSN,Tianjin Binhai International Airport,Tianjin,China,YES,TRUE
CUL Federal de Bachigualato International Airport,CUL,Federal de Bachigualato International Airport,"Culiacán, Sinaloa",Mexico,YES,TRUE
FPR St. Lucie County International Airport,FPR,St. Lucie County International Airport,"Fort Pierce, Florida",United States,YES,FALSE
IFN Esfahan Shahid Beheshti International Airport,IFN,Esfahan Shahid Beheshti International Airport,Isfahan,Iran,YES,TRUE
VNO Vilnius International Airport,VNO,Vilnius International Airport,Vilnius,Lithuania,YES,TRUE
CUN Cancún International Airport,CUN,Cancún International Airport,"Cancún, Quintana Roo",Mexico,YES,TRUE
TSR Traian Vuia International Airport,TSR,Traian Vuia International Airport,Timi?oara,Romania,YES,TRUE
BLR Bengaluru International Airport,BLR,Bengaluru International Airport,Bangalore,India,YES,TRUE
IFP Laughlin/Bullhead International Airport,IFP,Laughlin/Bullhead International Airport,"Bullhead City, Arizona",United States,YES,FALSE
JED King Abdulaziz International Airport,JED,King Abdulaziz International Airport,Jeddah,Saudi Arabia,YES,TRUE
KRK John Paul II International Airport (Kraków Airport),KRK,John Paul II International Airport (Kraków Airport),Kraków / Balice,Poland,YES,TRUE
ORY Orly International Airport,ORY,Orly International Airport,"Paris - Orly, Paris",France,YES,TRUE
PPE Mar de Cortés International Airport,PPE,Mar de Cortés International Airport,"La Jolla de Cortes, Sonora",Mexico,YES,TRUE
VNT Ventspils International Airport,VNT,Ventspils International Airport,Ventspils,Latvia,YES,TRUE
ABQ Albuquerque International Sunport,ABQ,Albuquerque International Sunport,"Albuquerque, New Mexico",United States,YES,FALSE
RIC Richmond International Airport,RIC,Richmond International Airport,"Richmond, Virginia",United States,YES,FALSE
KEF Keflavík International Airport,KEF,Keflavík International Airport,Keflavík,Iceland,YES,TRUE
LTO Loreto International Airport,LTO,Loreto International Airport,"Loreto, Baja California Sur",Mexico,YES,TRUE
CIU Chippewa County International Airport,CIU,Chippewa County International Airport,"Sault Ste Marie, Michigan",United States,YES,FALSE
OSF Ostafyevo International Airport,OSF,Ostafyevo International Airport,Podolsk,Russia,YES,TRUE
YNT Yantai Laishan International Airport,YNT,Yantai Laishan International Airport,"Yantai, Shandong",China,YES,TRUE
CUU General Roberto Fierro Villalobos International Airport,CUU,General Roberto Fierro Villalobos International Airport,"Chihuahua, Chihuahua",Mexico,YES,TRUE
DOH Hamad International Airport,DOH,Hamad International Airport,Doha,Qatar,YES,TRUE
SYR Syracuse Hancock International Airport,SYR,Syracuse Hancock International Airport,"Mattydale, New York",United States,YES,FALSE
VOL International Airport of Central Greece,VOL,International Airport of Central Greece,Volos,Greece,YES,TRUE
DOK Donetsk International Airport,DOK,Donetsk International Airport,Donetsk,Ukraine,YES,TRUE
GOI Goa International Airport (Dabolim Airport),GOI,Goa International Airport (Dabolim Airport),"Dabolim, Goa",India,YES,TRUE
VOZ Voronezh International Airport,VOZ,Voronezh International Airport,Voronezh,Russia,YES,TRUE
JFK John F. Kennedy International Airport,JFK,John F. Kennedy International Airport,"New York City, New York",United States,YES,FALSE
SYX Sanya Phoenix International Airport,SYX,Sanya Phoenix International Airport,"Sanya, Hainan",China,YES,TRUE
IGR Cataratas del Iguazú International Airport,IGR,Cataratas del Iguazú International Airport,"Puerto Iguazú, Misiones",Argentina,YES,TRUE
OSR Ostrava-Mosnov International Airport,OSR,Ostrava-Mosnov International Airport,Ostrava,Czech Republic,YES,TRUE
CJB Coimbatore International Airport,CJB,Coimbatore International Airport,Coimbatore,India,YES,TRUE
SIP Simferopol International Airport,SIP,Simferopol International Airport,Simferopol,Ukraine,YES,TRUE
SYZ Shiraz International Airport,SYZ,Shiraz International Airport,Shiraz,Iran,YES,TRUE
ACA General Juan N. Álvarez International Airport,ACA,General Juan N. Álvarez International Airport,"Acapulco, Guerrero",Mexico,YES,TRUE
BME Broome International Airport,BME,Broome International Airport,"Broome, Western Australia",Australia,YES,TRUE
OST Ostend-Bruges International Airport,OST,Ostend-Bruges International Airport,Flanders,Belgium,YES,TRUE
IGU Foz do Iguaçu International Airport,IGU,Foz do Iguaçu International Airport,"Foz do Iguaçu, Paraná",Brazil,YES,TRUE
RIX Riga International Airport,RIX,Riga International Airport,Riga,Latvia,YES,TRUE
CVG Cincinnati/Northern Kentucky International Airport,CVG,Cincinnati/Northern Kentucky International Airport,"Hebron, Kentucky",United States,YES,FALSE
MSE Kent International Airport,MSE,Kent International Airport,"Manston, Kent, England",United Kingdom,YES,TRUE
ZIH Ixtapa-Zihuatanejo International Airport,ZIH,Ixtapa-Zihuatanejo International Airport,"Zihuatanejo, Guerrero",Mexico,YES,TRUE
CJJ Cheong Ju International Airport,CJJ,Cheong Ju International Airport,Cheong ju,South Korea,YES,TRUE
DOT Don Torcuato International Airport,DOT,Don Torcuato International Airport,Buenos Aires,Argentina,YES,TRUE
NJF Al Najaf International Airport,NJF,Al Najaf International Airport,Al Najaf,Iraq,YES,TRUE
SJC San Jose International Airport,SJC,San Jose International Airport,"San Jose, California",United States,YES,FALSE
TUC Teniente General Benjamín Matienzo International Airport,TUC,Teniente General Benjamín Matienzo International Airport,San Miguel de Tucumán,Argentina,YES,TRUE
MHD Mashhad International Airport (Shahid Hashemi Nejad Airport),MHD,Mashhad International Airport (Shahid Hashemi Nejad Airport),"Mashhad, Razavi Khorasan Province",Iran,YES,TRUE
SJD Los Cabos International Airport,SJD,Los Cabos International Airport,Los Cabos,Mexico,YES,TRUE
YOW Ottawa/Macdonald-Cartier International Airport,YOW,Ottawa/Macdonald-Cartier International Airport,"Ottawa, Ontario",Canada,YES,TRUE
CJS Abraham González International Airport,CJS,Abraham González International Airport,"Ciudad Juárez, Chihuahua",Mexico,YES,TRUE
FRU Manas International Airport,FRU,Manas International Airport,Bishkek,Kyrgyzstan,YES,TRUE
NKG Nanjing Lukou International Airport,NKG,Nanjing Lukou International Airport,Nanjing,China,YES,TRUE
CJU Jeju International Airport,CJU,Jeju International Airport,Jeju,South Korea,YES,TRUE
SJJ Sarajevo International Airport,SJJ,Sarajevo International Airport,Sarajevo,Bosnia and Herzegovina,YES,TRUE
TUL Tulsa International Airport,TUL,Tulsa International Airport,"Tulsa, Oklahoma",United States,YES,FALSE
MSO Missoula International Airport,MSO,Missoula International Airport,"Missoula, Montana",United States,YES,FALSE
ACN Ciudad Acuña International Airport,ACN,Ciudad Acuña International Airport,"Ciudad Acuña, Coahuila",Mexico,YES,TRUE
BYH Arkansas International Airport,BYH,Arkansas International Airport,"Blytheville, Arkansas",United States,YES,FALSE
MSP Minneapolis–Saint Paul International Airport (Wold-Chamberlain Field),MSP,Minneapolis–Saint Paul International Airport (Wold-Chamberlain Field),"Bloomington, Minnesota",United States,YES,FALSE
IKA Tehran Imam Khomeini International Airport,IKA,Tehran Imam Khomeini International Airport,Tehran,Iran,YES,TRUE
MSQ Minsk International Airport (Minsk-2),MSQ,Minsk International Airport (Minsk-2),Minsk,Belarus,YES,TRUE
OTP Henri Coand? International Airport,OTP,Henri Coand? International Airport,Otopeni,Romania,YES,TRUE
RKT Ras Al Khaimah International Airport,RKT,Ras Al Khaimah International Airport,Ras Al Khaimah,United Arab Emirates,YES,TRUE
VSA Carlos Rovirosa Pérez International Airport,VSA,Carlos Rovirosa Pérez International Airport,"Villahermosa, Tabasco",Mexico,YES,TRUE
DPS Ngurah Rai International Airport,DPS,Ngurah Rai International Airport,"Denpasar, Bali",Indonesia,YES,TRUE
JHB Sultan Ismail International Airport,JHB,Sultan Ismail International Airport,Johor Bahru,Malaysia,YES,TRUE
PRN Pristina International Airport Adem Jashari,PRN,Pristina International Airport Adem Jashari,Pristina,Kosovo,YES,TRUE
ZLO Playa de Oro International Airport,ZLO,Playa de Oro International Airport,"Manzanillo, Colima",Mexico,YES,TRUE
HKT Phuket International Airport,HKT,Phuket International Airport,Phuket,Thailand,YES,TRUE
LGK Langkawi International Airport,LGK,Langkawi International Airport,"Langkawi, Kedah",Malaysia,YES,TRUE
MSS Massena International Airport (Richards Field),MSS,Massena International Airport (Richards Field),"Massena, New York",United States,YES,FALSE
NLD Quetzalcóatl International Airport,NLD,Quetzalcóatl International Airport,Nuevo Laredo,Mexico,YES,TRUE
SZX Shenzhen Bao'an International Airport,SZX,Shenzhen Bao'an International Airport,"Shenzhen, Guangdong",China,YES,TRUE
TUS Tucson International Airport,TUS,Tucson International Airport,"Tucson, Arizona",United States,YES,FALSE
CKG Chongqing Jiangbei International Airport,CKG,Chongqing Jiangbei International Airport,Chongqing,China,YES,TRUE
CWB Afonso Pena International Airport,CWB,Afonso Pena International Airport,"Curitiba, Paraná",Brazil,YES,TRUE
SJW Shijiazhuang Zhengding International Airport,SJW,Shijiazhuang Zhengding International Airport,Shijiazhuang,China,YES,TRUE
ACY Atlantic City International Airport,ACY,Atlantic City International Airport,"Atlantic City, New Jersey",United States,YES,FALSE
MSV Sullivan County International Airport,MSV,Sullivan County International Airport,"Monticello, New York",United States,YES,FALSE
BCM Bac?u International Airport,BCM,Bac?u International Airport,Bac?u,Romania,YES,TRUE
CWF Chennault International Airport,CWF,Chennault International Airport,"Lake Charles, Louisiana",United States,YES,FALSE
GPT Gulfport-Biloxi International Airport,GPT,Gulfport-Biloxi International Airport,"Gulfport, Mississippi",United States,YES,FALSE
ERI Erie International Airport (Tom Ridge Field),ERI,Erie International Airport (Tom Ridge Field),"Erie, Pennsylvania",United States,YES,FALSE
ADB Adnan Menderes International Airport,ADB,Adnan Menderes International Airport,?zmir,Turkey,YES,TRUE
ERL Erenhot Saiwusu International Airport,ERL,Erenhot Saiwusu International Airport,"Erenhot, Inner Mongolia",China,YES,TRUE
MSY Louis Armstrong New Orleans International Airport (formerly Moisant Field),MSY,Louis Armstrong New Orleans International Airport (formerly Moisant Field),"New Orleans,Louisiana",United States,YES,FALSE
TAE Daegu International Airport,TAE,Daegu International Airport,Daegu,South Korea,YES,TRUE
IKT Irkutsk International Airport,IKT,Irkutsk International Airport,Irkutsk,Russia,YES,TRUE
BNA Nashville International Airport,BNA,Nashville International Airport,"Nashville, Tennessee",United States,YES,FALSE
GRB Austin Straubel International Airport,GRB,Austin Straubel International Airport,"Green Bay, Wisconsin",United States,YES,FALSE
ADE Aden International Airport,ADE,Aden International Airport,Aden,Yemen,YES,TRUE
FTE Comandante Armando Tola International Airport,FTE,Comandante Armando Tola International Airport,"El Calafate, Santa Cruz Province",Argentina,YES,TRUE
RMI Federico Fellini International Airport,RMI,Federico Fellini International Airport,Rimini,Italy,YES,TRUE
TAI Ta'izz International Airport,TAI,Ta'izz International Airport,Ta'izz,Yemen,YES,TRUE
TWD Jefferson County International Airport,TWD,Jefferson County International Airport,"Port Townsend, Washington",United States,YES,FALSE
VVO Vladivostok International Airport (Knevichi Airport),VVO,Vladivostok International Airport (Knevichi Airport),Vladivostok,Russia,YES,TRUE
BND Bandar Abbas International Airport,BND,Bandar Abbas International Airport,Bandar Abbas,Iran,YES,TRUE
NNG Nanning Wuxu International Airport,NNG,Nanning Wuxu International Airport,"Nanning, Guangxi",China,YES,TRUE
FTW Fort Worth Meacham International Airport,FTW,Fort Worth Meacham International Airport,"Fort Worth, Texas",United States,YES,FALSE
MIA Miami International Airport,MIA,Miami International Airport,"Miami, Florida",United States,YES,FALSE
TAM General Francisco Javier Mina International Airport,TAM,General Francisco Javier Mina International Airport,"Tampico, Tamaulipas",Mexico,YES,TRUE
ADJ Marka International Airport,ADJ,Marka International Airport,Amman,Jordan,YES,TRUE
JIO Ontario International Heliport,JIO,Ontario International Heliport,"Ontario, California",United States,YES,FALSE
HLP Halim Perdanakusuma International Airport,HLP,Halim Perdanakusuma International Airport,Jakarta,Indonesia,YES,TRUE
SKT Sialkot International Airport,SKT,Sialkot International Airport,Sialkot,Pakistan,YES,TRUE
TAO Qingdao Liuting International Airport,TAO,Qingdao Liuting International Airport,"Qingdao, Shandong",China,YES,TRUE
LHE Allama Iqbal International Airport,LHE,Allama Iqbal International Airport,Lahore,Pakistan,YES,TRUE
MID Manuel Crescencio Rejón International Airport,MID,Manuel Crescencio Rejón International Airport,"Mérida, Yucatán",Mexico,YES,TRUE
PSM Pease International Tradeport,PSM,Pease International Tradeport,"Portsmouth, New Hampshire",United States,YES,FALSE
TAP Tapachula International Airport,TAP,Tapachula International Airport,"Tapachula, Chiapas",Mexico,YES,TRUE
CLE Cleveland Hopkins International Airport,CLE,Cleveland Hopkins International Airport,"Cleveland, Ohio",United States,YES,FALSE
ESB Esenbo?a International Airport,ESB,Esenbo?a International Airport,Ankara,Turkey,YES,TRUE
SKV St.Catherine International Airport,SKV,St.Catherine International Airport,St.Catherine,Egypt,YES,TRUE
DRT Del Rio International Airport,DRT,Del Rio International Airport,"Del Rio, Texas",United States,YES,FALSE
TAS Tashkent International Airport,TAS,Tashkent International Airport,Tashkent,Uzbekistan,YES,TRUE
YQB Québec/Jean Lesage International Airport,YQB,Québec/Jean Lesage International Airport,"Sainte-Foy, Quebec City, Quebec",Canada,YES,TRUE
CXL Calexico International Airport,CXL,Calexico International Airport,"Calexico, California",United States,YES,FALSE
ILM Wilmington International Airport,ILM,Wilmington International Airport,"Wilmington, North Carolina",United States,YES,FALSE
NOC Knock International Airport,NOC,Knock International Airport,Knock,Ireland,YES,TRUE
PSP Palm Springs International Airport,PSP,Palm Springs International Airport,"Palm Springs, California",United States,YES,FALSE
AQJ King Hussein International Airport,AQJ,King Hussein International Airport,Aqaba,Jordan,YES,TRUE
DRW Darwin International Airport,DRW,Darwin International Airport,"Darwin, Northern Territory",Australia,YES,TRUE
KGS Kos Island International Airport,KGS,Kos Island International Airport,Kos Island,Greece,YES,TRUE
ILO Iloilo International Airport,ILO,Iloilo International Airport,"Cabatuan / Santa Barbara, Iloilo",Philippines,YES,TRUE
NOG Nogales International Airport,NOG,Nogales International Airport,"Nogales, Sonora",Mexico,YES,TRUE
BDE Baudette International Airport,BDE,Baudette International Airport,"Baudette, Minnesota",United States,YES,FALSE
CLJ Cluj-Napoca International Airport,CLJ,Cluj-Napoca International Airport,Cluj-Napoca,Romania,YES,TRUE
HLZ Hamilton International Airport,HLZ,Hamilton International Airport,Hamilton,New Zealand,YES,TRUE
SLA Martín Miguel de Güemes International Airport,SLA,Martín Miguel de Güemes International Airport,"Salta, Salta Province",Argentina,YES,TRUE
TYN Taiyuan Wusu International Airport,TYN,Taiyuan Wusu International Airport,"Taiyuan, Shanxi",China,YES,TRUE
CXR Cam Ranh International Airport,CXR,Cam Ranh International Airport,"Cam Ranh, Khánh Hòa",Vietnam,YES,TRUE
GRR Gerald R. Ford International Airport,GRR,Gerald R. Ford International Airport,"Grand Rapids, Michigan",United States,YES,FALSE
RNO Reno-Tahoe International Airport,RNO,Reno-Tahoe International Airport,"Reno, Nevada",United States,YES,FALSE
SLC Salt Lake City International Airport,SLC,Salt Lake City International Airport,"Salt Lake City, Utah",United States,YES,FALSE
WAW Frederic Chopin International Airport,WAW,Frederic Chopin International Airport,Warsaw,Poland,YES,TRUE
CLM William R. Fairchild International Airport,CLM,William R. Fairchild International Airport,"Port Angeles, Washington",United States,YES,FALSE
FWA Fort Wayne International Airport,FWA,Fort Wayne International Airport,"Fort Wayne, Indiana",United States,YES,FALSE
KTM Tribhuvan International Airport,KTM,Tribhuvan International Airport,Kathmandu,Nepal,YES,TRUE
BZY B?l?i International Airport,BZY,B?l?i International Airport,B?l?i,Moldova,YES,TRUE
GRU Guarulhos International Airport,GRU,Guarulhos International Airport,"Guarulhos, São Paulo",Brazil,YES,TRUE
KTN Ketchikan International Airport,KTN,Ketchikan International Airport,"Ketchikan, Alaska",United States,YES,FALSE
YQM Greater Moncton International Airport,YQM,Greater Moncton International Airport,"Moncton, New Brunswick",Canada,YES,TRUE
BDL Bradley International Airport,BDL,Bradley International Airport,"Windsor Locks, Connecticut",United States,YES,FALSE
BNX Banja Luka International Airport,BNX,Banja Luka International Airport,Banja Luka,Bosnia and Herzegovina,YES,TRUE
DSM Des Moines International Airport,DSM,Des Moines International Airport,"Des Moines, Iowa",United States,YES,FALSE
HMO General Ignacio Pesqueira Garcia International Airport,HMO,General Ignacio Pesqueira Garcia International Airport,"Hermosillo, Sonora",Mexico,YES,TRUE
TZL Tuzla International Airport,TZL,Tuzla International Airport,Tuzla,Bosnia and Herzegovina,YES,TRUE
OZH Zaporizhia International Airport,OZH,Zaporizhia International Airport,Zaporizhia,Ukraine,YES,TRUE
KHH Kaohsiung International Airport,KHH,Kaohsiung International Airport,Kaohsiung,Taiwan,YES,TRUE
MTY GENERAL Mariano Escobedo International Airport,MTY,GENERAL Mariano Escobedo International Airport,"Monterrey, Nuevo León",Mexico,YES,TRUE
PTG Polokwane International Airport,PTG,Polokwane International Airport,Polokwane,South Africa,YES,TRUE
ROC Greater Rochester International Airport,ROC,Greater Rochester International Airport,"Rochester, New York",United States,YES,FALSE
TBS Tbilisi International Airport,TBS,Tbilisi International Airport,Tbilisi,Georgia,YES,TRUE
YQR Regina International Airport,YQR,Regina International Airport,"Regina, Saskatchewan",Canada,YES,TRUE
CLT Charlotte Douglas International Airport,CLT,Charlotte Douglas International Airport,"Charlotte, North Carolina",United States,YES,FALSE
KHI Jinnah International Airport (Quaid-e-Azam Int'l),KHI,Jinnah International Airport (Quaid-e-Azam Int'l),Karachi,Pakistan,YES,TRUE
TBT Tabatinga International Airport,TBT,Tabatinga International Airport,"Tabatinga, Amazonas",Brazil,YES,TRUE
LWO Lviv Danylo Halytskyi International Airport,LWO,Lviv Danylo Halytskyi International Airport,Lviv,Ukraine,YES,TRUE
PTK Oakland County International Airport,PTK,Oakland County International Airport,"Pontiac, Michigan",United States,YES,FALSE
TBZ Tabriz International Airport,TBZ,Tabriz International Airport,Tabriz,Iran,YES,TRUE
LIL Lille Lesquin International Airport,LIL,Lille Lesquin International Airport,Lille,France,YES,TRUE
NQN Presidente Perón International Airport,NQN,Presidente Perón International Airport,Neuquen,Argentina,YES,TRUE
SLP Ponciano Arriaga International Airport,SLP,Ponciano Arriaga International Airport,"San Luis Potosí, San Luis Potosí",Mexico,YES,TRUE
"ZTH Zakynthos International Airport, Dionysios Solomos",ZTH,"Zakynthos International Airport, Dionysios Solomos",Zakynthos,Greece,YES,TRUE
CAI Cairo International Airport,CAI,Cairo International Airport,Cairo,Egypt,YES,TRUE
KHN Nanchang Changbei International Airport,KHN,Nanchang Changbei International Airport,"Nanchang, Jiangxi",China,YES,TRUE
LWV Lawrenceville-Vincennes International Airport,LWV,Lawrenceville-Vincennes International Airport,"Lawrenceville, Illinois",United States,YES,FALSE
ROS Rosario - Islas Malvinas International Airport,ROS,Rosario - Islas Malvinas International Airport,Rosario,Argentina,YES,TRUE
YQX Gander International Airport / CFB Gander,YQX,Gander International Airport / CFB Gander,"Gander, Newfoundland",Canada,YES,TRUE
NQY Newquay Cornwall International Airport,NQY,Newquay Cornwall International Airport,"Newquay, England",United Kingdom,YES,TRUE
AER Adler-Sochi International Airport,AER,Adler-Sochi International Airport,"Sochi, Krasnodar",Russia,YES,TRUE
CMB Bandaranaike International Airport,CMB,Bandaranaike International Airport,Colombo,Sri Lanka,YES,TRUE
ZTU Zaqatala International Airport,ZTU,Zaqatala International Airport,Zaqatala,Azerbaijan,YES,TRUE
GSO Piedmont Triad International Airport,GSO,Piedmont Triad International Airport,"Greensboro, North Carolina",United States,YES,FALSE
HNL Honolulu International Airport,HNL,Honolulu International Airport,"Honolulu, Hawaii",United States,YES,FALSE
ROW Roswell International Air Center,ROW,Roswell International Air Center,"Roswell, New Mexico",United States,YES,FALSE
CAN Guangzhou Baiyun International Airport,CAN,Guangzhou Baiyun International Airport,"Guangzhou, Guangdong",China,YES,TRUE
GSP Greenville-Spartanburg International Airport,GSP,Greenville-Spartanburg International Airport,"Greenville / Spartanburg, South Carolina",United States,YES,FALSE
TCP Taba International Airport,TCP,Taba International Airport,Taba,Egypt,YES,TRUE
AEX Alexandria International Airport,AEX,Alexandria International Airport,"Alexandria, Louisiana",United States,YES,FALSE
ART Watertown International Airport,ART,Watertown International Airport,"Watertown, New York",United States,YES,FALSE
CME Ciudad del Carmen International Airport,CME,Ciudad del Carmen International Airport,"Ciudad del Carmen, Campeche",Mexico,YES,TRUE
LXR Luxor International Airport,LXR,Luxor International Airport,Luxor,Egypt,YES,TRUE
SLW Plan de Guadalupe International Airport,SLW,Plan de Guadalupe International Airport,Saltillo,Mexico,YES,TRUE
BOM Chhatrapati Shivaji International Airport,BOM,Chhatrapati Shivaji International Airport,Mumbai,India,YES,TRUE
CZA Kaua International Airport,CZA,Kaua International Airport,"Chichén Itzá, Yucatán",Mexico,YES,TRUE
CMG Corumbá International Airport,CMG,Corumbá International Airport,"Corumbá, Mato Grosso do Sul",Brazil,YES,TRUE
SLZ Marechal Cunha Machado International Airport,SLZ,Marechal Cunha Machado International Airport,São Luís,Brazil,YES,TRUE
ARW Arad International Airport,ARW,Arad International Airport,Arad,Romania,YES,TRUE
CMH Port Columbus International Airport,CMH,Port Columbus International Airport,"Columbus, Ohio",United States,YES,FALSE
IND Indianapolis International Airport,IND,Indianapolis International Airport,"Indianapolis, Indiana",United States,YES,FALSE
DUG Bisbee-Douglas International Airport,DUG,Bisbee-Douglas International Airport,"Bisbee/Douglas, Arizona",United States,YES,FALSE
KUL Kuala Lumpur International Airport,KUL,Kuala Lumpur International Airport,Sepang,Malaysia,YES,TRUE
NRT Narita International Airport (formerly New Tokyo International),NRT,Narita International Airport (formerly New Tokyo International),Narita,Japan,YES,TRUE
HOD Hodeida International Airport,HOD,Hodeida International Airport,Al Hudaydah (Hodeida),Yemen,YES,TRUE
SMF Sacramento International Airport,SMF,Sacramento International Airport,"Sacramento, California",United States,YES,FALSE
BOS Logan International Airport,BOS,Logan International Airport,"Boston, Massachusetts",United States,YES,FALSE
JNB OR Tambo International Airport,JNB,OR Tambo International Airport,"Johannesburg, Gauteng",South Africa,YES,TRUE
KUN Kaunas International Airport,KUN,Kaunas International Airport,Kaunas,Lithuania,YES,TRUE
LIZ Loring International Airport (was Loring AFB),LIZ,Loring International Airport (was Loring AFB),"Limestone, Maine",United States,YES,FALSE
PBC Hermanos Serdán International Airport,PBC,Hermanos Serdán International Airport,Puebla,Mexico,YES,TRUE
"SMI Samos International Airport Aristarchos of Samos,Samos Island,Greece
TDL,Tandil Airport,Tandil,Argentina
UEL,Quelimane Airport,Quelimane,Mozambique
WHF,Wadi Halfa Airport,Wadi Halfa,Sudan
YCU,Yuncheng Guangong Airport,Yuncheng,China
YRO,Rockcliffe Airport,Ottawa",SMI,"Samos International Airport Aristarchos of Samos,Samos Island,Greece
TDL,Tandil Airport,Tandil,Argentina
UEL,Quelimane Airport,Quelimane,Mozambique
WHF,Wadi Halfa Airport,Wadi Halfa,Sudan
YCU,Yuncheng Guangong Airport,Yuncheng,China
YRO,Rockcliffe Airport,Ottawa"," Ontario""",Canada,YES,TRUE
CMN Mohammed V International Airport,CMN,Mohammed V International Airport,Casablanca,Morocco,YES,TRUE
PBG Plattsburgh International Airport,PBG,Plattsburgh International Airport,"Plattsburgh, New York",United States,YES,FALSE
RRT Warroad International Airport (Swede Carlson Field),RRT,Warroad International Airport (Swede Carlson Field),"Warroad, Minnesota",United States,YES,FALSE
CZM Cozumel International Airport,CZM,Cozumel International Airport,"Cozumel, Quintana Roo",Mexico,YES,TRUE
DUR King Shaka International Airport,DUR,King Shaka International Airport,"Durban, KwaZulu-Natal",South Africa,YES,TRUE
GTF Great Falls International Airport,GTF,Great Falls International Airport,"Great Falls, Montana",United States,YES,FALSE
MJT Mytilene International Airport,MJT,Mytilene International Airport,"Mytilene, Lesbos Island",Greece,YES,TRUE
UET Quetta International Airport,UET,Quetta International Airport,Quetta,Pakistan,YES,TRUE
BEL Val de Cães International Airport,BEL,Val de Cães International Airport,"Belém, Pará",Brazil,YES,TRUE
DUS Düsseldorf International Airport,DUS,Düsseldorf International Airport,"Düsseldorf, North Rhine-Westphalia",Germany,YES,TRUE
INL Falls International Airport,INL,Falls International Airport,"International Falls, Minnesota",United States,YES,FALSE
KIH Kish International Airport,KIH,Kish International Airport,Kish Island,Iran,YES,TRUE
MUX Multan International Airport,MUX,Multan International Airport,Multan,Pakistan,YES,TRUE
PBI Palm Beach International Airport,PBI,Palm Beach International Airport,"West Palm Beach, Florida",United States,YES,FALSE
ZYL Osmani International Airport,ZYL,Osmani International Airport,Sylhet,Bangladesh,YES,TRUE
PUS Gimhae International Airport,PUS,Gimhae International Airport,Busan,South Korea,YES,TRUE
CZS Cruzeiro do Sul International Airport,CZS,Cruzeiro do Sul International Airport,"Cruzeiro do Sul, Acre",Brazil,YES,TRUE
JNU Juneau International Airport,JNU,Juneau International Airport,"Juneau, Alaska",United States,YES,FALSE
UGC Urgench International Airport,UGC,Urgench International Airport,Urgench,Uzbekistan,YES,TRUE
GAU Lokpriya Gopinath Bordoloi International Airport,GAU,Lokpriya Gopinath Bordoloi International Airport,Guwahati,India,YES,TRUE
LYP Faisalabad International Airport,LYP,Faisalabad International Airport,Faisalabad,Pakistan,YES,TRUE
RST Rochester International Airport,RST,Rochester International Airport,"Rochester, Minnesota",United States,YES,FALSE
EVN Zvartnots International Airport,EVN,Zvartnots International Airport,Yerevan,Armenia,YES,TRUE
RSW Southwest Florida International Airport,RSW,Southwest Florida International Airport,"Fort Myers, Florida",United States,YES,FALSE
DVO Francisco Bangoy International Airport,DVO,Francisco Bangoy International Airport,Davao City,Philippines,YES,TRUE
"KVA Kavala International Airport, Megas Alexandros",KVA,"Kavala International Airport, Megas Alexandros",Kavala,Greece,YES,TRUE
JOG Adisucipto International Airport,JOG,Adisucipto International Airport,Yogyakarta,Indonesia,YES,TRUE
MKE GENERAL Mitchell International Airport,MKE,GENERAL Mitchell International Airport,"Milwaukee, Wisconsin",United States,YES,FALSE
LYX London Ashford International Airport (Ferryfield),LYX,London Ashford International Airport (Ferryfield),"Lydd, England",United Kingdom,YES,TRUE
NTY Pilanesberg International Airport,NTY,Pilanesberg International Airport,Pilanesberg,South Africa,YES,TRUE
DAB Daytona Beach International Airport,DAB,Daytona Beach International Airport,"Daytona Beach, Florida",United States,YES,FALSE
DAC Shahjalal International Airport,DAC,Shahjalal International Airport,Dhaka,Bangladesh,YES,TRUE
DAD Da Nang International Airport,DAD,Da Nang International Airport,Da Nang,Vietnam,YES,TRUE
DWC Al Maktoum International Airport,DWC,Al Maktoum International Airport,"Jebel Ali, Dubai",United Arab Emirates,YES,TRUE
PVH Governador Jorge Teixeira de Oliveira International Airport,PVH,Governador Jorge Teixeira de Oliveira International Airport,Porto Velho,Brazil,YES,TRUE
QDH Ashford International,QDH,Ashford International,"Ashford, Kent",United Kingdom,YES,TRUE
ASR Erkilet International Airport,ASR,Erkilet International Airport,Kayseri Province,Turkey,YES,TRUE
BEY Beirut Air Base/Beirut Rafic Hariri International Airport,BEY,Beirut Air Base/Beirut Rafic Hariri International Airport,Beirut,Lebanon,YES,TRUE
CND Mihail Kog?lniceanu International Airport,CND,Mihail Kog?lniceanu International Airport,Constan?a,Romania,YES,TRUE
WLG Wellington International Airport,WLG,Wellington International Airport,Wellington,New Zealand,YES,TRUE
KIV Chi?in?u International Airport,KIV,Chi?in?u International Airport,Chi?in?u,Moldova,YES,TRUE
RUH King Khalid International Airport,RUH,King Khalid International Airport,Riyadh,Saudi Arabia,YES,TRUE
CNF Tancredo Neves International Airport,CNF,Tancredo Neves International Airport,"Confins, Minas Gerais",Brazil,YES,TRUE
EWR Newark Liberty International Airport,EWR,Newark Liberty International Airport,"Newark/Elizabeth, New Jersey",United States,YES,FALSE
CBR Canberra International Airport,CBR,Canberra International Airport,Canberra,Australia,YES,TRUE
KIX Kansai International Airport,KIX,Kansai International Airport,Osaka,Japan,YES,TRUE
PDG Minangkabau International Airport,PDG,Minangkabau International Airport,"Ketaping, West Sumatra",Indonesia,YES,TRUE
PVR Lic.Gustavo Díaz Ordaz International Airport,PVR,Lic.Gustavo Díaz Ordaz International Airport,"Puerto Vallarta, Jalisco",Mexico,YES,TRUE
ASW Aswan International Airport,ASW,Aswan International Airport,Aswan,Egypt,YES,TRUE
DXB Dubai International Airport,DXB,Dubai International Airport,Dubai,United Arab Emirates,YES,TRUE
HPH Cat Bi International Airport (Catbi Airport),HPH,Cat Bi International Airport (Catbi Airport),Hai Phong (Haiphong),Vietnam,YES,TRUE
EXT Exeter International Airport,EXT,Exeter International Airport,Exeter,United Kingdom,YES,TRUE
JPA Presidente Castro Pinto International Airport,JPA,Presidente Castro Pinto International Airport,"João Pessoa, Paraíba",Brazil,YES,TRUE
SNN Shannon International Airport,SNN,Shannon International Airport,Shannon (County Clare),Ireland,YES,TRUE
KWE Guiyang Longdongbao International Airport,KWE,Guiyang Longdongbao International Airport,"Guiyang, Guizhou",China,YES,TRUE
MAA Chennai International Airport (Madras International Airport),MAA,Chennai International Airport (Madras International Airport),Chennai (Madras),India,YES,TRUE
PDS Piedras Negras International Airport,PDS,Piedras Negras International Airport,"Piedras Negras, Coahuila",Mexico,YES,TRUE
BFI Boeing Field/King County International Airport,BFI,Boeing Field/King County International Airport,"Seattle, Washington",United States,YES,FALSE
EYW Key West International Airport,EYW,Key West International Airport,"Key West, Florida",United States,YES,FALSE
KJK Kortrijk-Wevelgem International Airport,KJK,Kortrijk-Wevelgem International Airport,Wevelgem,Belgium,YES,TRUE
AGU Lic. Jesús Terán Peredo International Airport,AGU,Lic. Jesús Terán Peredo International Airport,Aguascalientes,Mexico,YES,TRUE
EZE Ministro Pistarini International Airport,EZE,Ministro Pistarini International Airport,Ezeiza,Argentina,YES,TRUE
KWI Kuwait International Airport,KWI,Kuwait International Airport,Kuwait City,Kuwait,YES,TRUE
PDV Plovdiv International Airport,PDV,Plovdiv International Airport,Plovdiv,Bulgaria,YES,TRUE
TGM Târgu Mure? International Airport,TGM,Târgu Mure? International Airport,Târgu-Mure?,Romania,YES,TRUE
NVT Ministro Victor Konder International Airport,NVT,Ministro Victor Konder International Airport,"Navegantes, Santa Catarina",Brazil,YES,TRUE
PDX Portland International Airport,PDX,Portland International Airport,"Portland, Oregon",United States,YES,FALSE
CNQ Doctor Fernando Piragine Niveyro International Airport,CNQ,Doctor Fernando Piragine Niveyro International Airport,"Corrientes, Corrientes",Argentina,YES,TRUE
HRB Harbin Taiping International Airport,HRB,Harbin Taiping International Airport,"Harbin, Heilongjiang",China,YES,TRUE
MAF Midland International Airport,MAF,Midland International Airport,"Midland, Texas",United States,YES,FALSE
PWM Portland International Jetport,PWM,Portland International Jetport,"Portland, Maine",United States,YES,FALSE
SOB Sármellék International Airport,SOB,Sármellék International Airport,Sármellék,Hungary,YES,TRUE
KWL Guilin Liangjiang International Airport,KWL,Guilin Liangjiang International Airport,"Guilin, Guangxi",China,YES,TRUE
LLK Lankaran International Airport,LLK,Lankaran International Airport,Lankaran,Azerbaijan,YES,TRUE
SOC Adi Soemarmo International Airport,SOC,Adi Soemarmo International Airport,Solo City,Indonesia,YES,TRUE
TGZ Angel Albino Corzo International Airport,TGZ,Angel Albino Corzo International Airport,"Tuxtla Gutiérrez, Chiapas",Mexico,YES,TRUE
YEG Edmonton International Airport,YEG,Edmonton International Airport,"Edmonton, Alberta",Canada,YES,TRUE
CNS Cairns International Airport,CNS,Cairns International Airport,"Cairns, Queensland",Australia,YES,TRUE
DAY Dayton International Airport,DAY,Dayton International Airport,"Dayton, Ohio",United States,YES,FALSE
NWI Norwich International Airport,NWI,Norwich International Airport,"Norwich, England",United Kingdom,YES,TRUE
ATH Athens International Airport,ATH,Athens International Airport,Athens,Greece,YES,TRUE
HRG Hurghada International Airport,HRG,Hurghada International Airport,Hurghada,Egypt,YES,TRUE
MKZ Malacca International Airport,MKZ,Malacca International Airport,Batu Berendam,Malaysia,YES,TRUE
ULN Chinggis Khaan International Airport,ULN,Chinggis Khaan International Airport,Ulan Bator,Mongolia,YES,TRUE
HRI Mattala Rajapaksa International Airport,HRI,Mattala Rajapaksa International Airport,Hambantota,Sri Lanka,YES,TRUE
MLA Malta International Airport (Luqa Airport),MLA,Malta International Airport (Luqa Airport),Luqa,Malta,YES,TRUE
BFS Belfast International Airport,BFS,Belfast International Airport,"Belfast, Northern Ireland",United Kingdom,YES,TRUE
MLB Melbourne International Airport,MLB,Melbourne International Airport,"Melbourne, Florida",United States,YES,FALSE
PXM Puerto Escondido International Airport,PXM,Puerto Escondido International Airport,"Puerto Escondido, Oaxaca",Mexico,YES,TRUE
HRK Kharkiv International Airport (Osnova Airport),HRK,Kharkiv International Airport (Osnova Airport),Kharkiv,Ukraine,YES,TRUE
THF Tempelhof International Airport,THF,Tempelhof International Airport,Berlin,Germany,YES,TRUE
ATL Hartsfield–Jackson Atlanta International Airport,ATL,Hartsfield–Jackson Atlanta International Airport,"Atlanta, Georgia",United States,YES,FALSE
CNX Chiang Mai International Airport,CNX,Chiang Mai International Airport,Chiang Mai,Thailand,YES,TRUE
FAI Fairbanks International Airport,FAI,Fairbanks International Airport,"Fairbanks, Alaska",United States,YES,FALSE
HRL Valley International Airport,HRL,Valley International Airport,"Harlingen, Texas",United States,YES,FALSE
MAM GENERAL Servando Canales International Airport,MAM,GENERAL Servando Canales International Airport,"Matamoros, Tamaulipas",Mexico,YES,TRUE
PEN Penang International Airport,PEN,Penang International Airport,Penang,Malaysia,YES,TRUE
GVA Cointrin International Airport,GVA,Cointrin International Airport,Geneva,Switzerland,YES,TRUE
MLE Malé International Airport,MLE,Malé International Airport,Hulhulé Island,Maldives,YES,TRUE
JRS Atarot Airport (Jerusalem International Airport),JRS,Atarot Airport (Jerusalem International Airport),Jerusalem,Israel,YES,TRUE
MAO Eduardo Gomes International Airport,MAO,Eduardo Gomes International Airport,"Manaus, Amazonas",Brazil,YES,TRUE
MWH GRANT County International Airport,MWH,GRANT County International Airport,"Moses Lake, Washington",United States,YES,FALSE
PET Pelotas International Airport,PET,Pelotas International Airport,"Pelotas, Rio Grande DO Sul",Brazil,YES,TRUE
ATQ Sri Guru Ram Dass Jee International Airport,ATQ,Sri Guru Ram Dass Jee International Airport,Amritsar,India,YES,TRUE
MLI Quad City International Airport,MLI,Quad City International Airport,"Moline, Illinois",United States,YES,FALSE
THR Mehrabad International Airport,THR,Mehrabad International Airport,Tehran,Iran,YES,TRUE
YTM Rivière Rouge/Mont-Tremblant International Airport,YTM,Rivière Rouge/Mont-Tremblant International Airport,"Mont-Tremblant (La Macaza), Quebec",Canada,YES,TRUE
FAR Hector International Airport,FAR,Hector International Airport,"Fargo, North Dakota",United States,YES,FALSE
MLM GENERAL Francisco J.Mujica International Airport,MLM,GENERAL Francisco J.Mujica International Airport,"Morelia, Michoacán",Mexico,YES,TRUE
FAT Fresno Yosemite International Airport,FAT,Fresno Yosemite International Airport,"Fresno, California",United States,YES,FALSE
GDL Don Miguel Hidalgo y Costilla International Airport,GDL,Don Miguel Hidalgo y Costilla International Airport,Guadalajara,Mexico,YES,TRUE
QAJ Ajman International Airport,QAJ,Ajman International Airport,Ajman,United Arab Emirates,YES,TRUE
YFC Fredericton International Airport,YFC,Fredericton International Airport,"Fredericton, New Brunswick",Canada,YES,TRUE
CCU Netaji Subhas Chandra Bose International Airport,CCU,Netaji Subhas Chandra Bose International Airport,Dum Dum,India,YES,TRUE
PFN Panama City - Bay County International Airport,PFN,Panama City - Bay County International Airport,"Panama City, Florida",United States,YES,FALSE
PFO Paphos International Airport,PFO,Paphos International Airport,Paphos,Cyprus,YES,TRUE
TIA Tirana International Airport Nënë Tereza,TIA,Tirana International Airport Nënë Tereza,Tirana,Albania,YES,TRUE
COK Cochin International Airport (Nedumbassery Airport),COK,Cochin International Airport (Nedumbassery Airport),"Nedumbassery, Kerala",India,YES,TRUE
LMM Federal del Valle del Fuerte International Airport,LMM,Federal del Valle del Fuerte International Airport,"Los Mochis, Sinaloa",Mexico,YES,TRUE
OAK Oakland International Airport,OAK,Oakland International Airport,"Oakland, California",United States,YES,FALSE
BRO Brownsville/South Padre Island International Airport,BRO,Brownsville/South Padre Island International Airport,"Brownsville, Texas",United States,YES,FALSE
OAX Xoxocotlán International Airport,OAX,Xoxocotlán International Airport,Oaxaca,Mexico,YES,TRUE
SAH El Rahaba Airport (Sanaa International),SAH,El Rahaba Airport (Sanaa International),Sana'a,Yemen,YES,TRUE
TIJ General Abelardo L. Rodríguez International Airport,TIJ,General Abelardo L. Rodríguez International Airport,"Tijuana, Baja California",Mexico,YES,TRUE
EBL Erbil International Airport,EBL,Erbil International Airport,"Erbil, Kurdistan",Iraq,YES,TRUE
MBD Mafikeng International Airport,MBD,Mafikeng International Airport,Mmabatho,South Africa,YES,TRUE
UPG Sultan Hasanuddin International Airport,UPG,Sultan Hasanuddin International Airport,Makassar,Indonesia,YES,TRUE
PGL Trent Lott International Airport,PGL,Trent Lott International Airport,"Pascagoula, Mississippi",United States,YES,FALSE
UPN Lic. y Gen. Ignacio López Rayón International Airport,UPN,Lic. y Gen. Ignacio López Rayón International Airport,"Uruapan, Michoacán",Mexico,YES,TRUE
BGR Bangor International Airport,BGR,Bangor International Airport,"Bangor, Maine",United States,YES,FALSE
COR Ingeniero Ambrosio L.V. Taravella International Airport (Pajas Blancas),COR,Ingeniero Ambrosio L.V. Taravella International Airport (Pajas Blancas),"Córdoba, Córdoba",Argentina,YES,TRUE
HSV Huntsville International Airport (Carl T. Jones Field),HSV,Huntsville International Airport (Carl T. Jones Field),"Huntsville / Decatur, Alabama",United States,YES,FALSE
ISB Benazir Bhutto International Airport (Islamabad International),ISB,Benazir Bhutto International Airport (Islamabad International),Islamabad / Rawalpindi,Pakistan,YES,TRUE
SAN San Diego International Airport,SAN,San Diego International Airport,"San Diego, California",United States,YES,FALSE
AUH Abu Dhabi International Airport,AUH,Abu Dhabi International Airport,Abu Dhabi,United Arab Emirates,YES,TRUE
FCA Glacier Park International Airport,FCA,Glacier Park International Airport,"Kalispell, Montana",United States,YES,FALSE
URC Ürümqi Diwopu International Airport,URC,Ürümqi Diwopu International Airport,"Ürümqi, Xinjiang",China,YES,TRUE
YUL Montréal–Pierre Elliott Trudeau International Airport,YUL,Montréal–Pierre Elliott Trudeau International Airport,"Dorval, Quebec",Canada,YES,TRUE
YUM Yuma International Airport / MCAS Yuma,YUM,Yuma International Airport / MCAS Yuma,"Yuma, Arizona",United States,YES,FALSE
MXL GENERAL Rodolfo Sánchez Taboada International Airport,MXL,GENERAL Rodolfo Sánchez Taboada International Airport,"Mexicali, Baja California",Mexico,YES,TRUE
URG Rubem Berta International Airport,URG,Rubem Berta International Airport,"Uruguaiana, Rio Grande do Sul",Brazil,YES,TRUE
BGW Baghdad International Airport,BGW,Baghdad International Airport,Baghdad,Iraq,YES,TRUE
PHB Parnaíba-Prefeito Dr.João Silva Filho International Airport,PHB,Parnaíba-Prefeito Dr.João Silva Filho International Airport,"Parnaiba, Piaui",Brazil,YES,TRUE
SAT San Antonio International Airport,SAT,San Antonio International Airport,"San Antonio, Texas",United States,YES,FALSE
GEG Spokane International Airport,GEG,Spokane International Airport,"Spokane, Washington",United States,YES,FALSE
GYD Heydar Aliyev International Airport (Bina Int'l),GYD,Heydar Aliyev International Airport (Bina Int'l),Baku,Azerbaijan,YES,TRUE
BSB Brasília International Airport,BSB,Brasília International Airport,"Brasília, Distrito Federal",Brazil,YES,TRUE
ECP Northwest Florida Beaches International Airport,ECP,Northwest Florida Beaches International Airport,"Panama City, Florida",United States,YES,FALSE
JUJ Gobernador Horacio Guzmán International Airport,JUJ,Gobernador Horacio Guzmán International Airport,"San Salvador de Jujuy, Jujuy",Argentina,YES,TRUE
KLO Kalibo International Airport,KLO,Kalibo International Airport,"Kalibo, Aklan",Philippines,YES,TRUE
PHE PORT Hedland International Airport,PHE,PORT Hedland International Airport,"PORT Hedland, Western Australia",Australia,YES,TRUE
SAV Savannah/Hilton Head International Airport,SAV,Savannah/Hilton Head International Airport,"Savannah, Georgia",United States,YES,FALSE
SQQ Šiauliai International Airport,SQQ,Šiauliai International Airport,Šiauliai,Lithuania,YES,TRUE
PHF Newport News/Williamsburg International Airport,PHF,Newport News/Williamsburg International Airport,"Newport News, Virginia",United States,YES,FALSE
SAW Sabiha Gökçen International Airport,SAW,Sabiha Gökçen International Airport,Istanbul,Turkey,YES,TRUE
OCF Ocala International Airport (Jim Taylor Field),OCF,Ocala International Airport (Jim Taylor Field),"Ocala, Florida",United States,YES,FALSE
DEL Indira Gandhi International Airport,DEL,Indira Gandhi International Airport,Delhi,India,YES,TRUE
ISN Sloulin Field International Airport,ISN,Sloulin Field International Airport,"Williston, North Dakota",United States,YES,FALSE
KZN Kazan International Airport,KZN,Kazan International Airport,"Kazan, Tatarstan",Russia,YES,TRUE
MBS MBS International Airport,MBS,MBS International Airport,"Midland / Bay City / Saginaw, Michigan",United States,YES,FALSE
PHL Philadelphia International Airport,PHL,Philadelphia International Airport,"Philadelphia, Pennsylvania",United States,YES,FALSE
USH Ushuaia - Malvinas Argentinas International Airport,USH,Ushuaia - Malvinas Argentinas International Airport,"Ushuaia, Tierra del Fuego",Argentina,YES,TRUE
CPE Ing. Alberto Acuña Ongay International Airport,CPE,Ing. Alberto Acuña Ongay International Airport,"Campeche, Campeche",Mexico,YES,TRUE
GES General Santos International Airport (Tambler Airport),GES,General Santos International Airport (Tambler Airport),General Santos City,Philippines,YES,TRUE
GYM General José María Yáñez International Airport,GYM,General José María Yáñez International Airport,"Guaymas, Sonora",Mexico,YES,TRUE
PHN St.Clair County International Airport,PHN,St.Clair County International Airport,"PORT Huron, Michigan",United States,YES,FALSE
AUS Austin–Bergstrom International Airport,AUS,Austin–Bergstrom International Airport,"Austin, Texas",United States,YES,FALSE
DEN Denver International Airport,DEN,Denver International Airport,"Denver, Colorado",United States,YES,FALSE
IST Istanbul Atatürk Airport (Yesilköy International),IST,Istanbul Atatürk Airport (Yesilköy International),Istanbul,Turkey,YES,TRUE
SRG Achmad Yani International Airport,SRG,Achmad Yani International Airport,Semarang,Indonesia,YES,TRUE
DET Coleman A. Young International Airport,DET,Coleman A. Young International Airport,"Detroit, Michigan",United States,YES,FALSE
GYY Gary/Chicago International Airport,GYY,Gary/Chicago International Airport,"Gary, Indiana",United States,YES,FALSE
ISU Sulaimaniyah International Airport,ISU,Sulaimaniyah International Airport,"Sulaimaniyah, Kurdistan",Iraq,YES,TRUE
PHX Phoenix Sky Harbor International Airport,PHX,Phoenix Sky Harbor International Airport,"Phoenix, Arizona",United States,YES,FALSE
ODS Odessa International Airport,ODS,Odessa International Airport,Odessa,Ukraine,YES,TRUE
YVR Vancouver International Airport,YVR,Vancouver International Airport,"Vancouver, British Columbia",Canada,YES,TRUE
UTH Udon Thani International Airport,UTH,Udon Thani International Airport,Udon Thani,Thailand,YES,TRUE
WUH Wuhan Tianhe International Airport,WUH,Wuhan Tianhe International Airport,"Wuhan, Hubei",China,YES,TRUE
BHM Birmingham–Shuttlesworth International Airport,BHM,Birmingham–Shuttlesworth International Airport,"Birmingham, Alabama",United States,YES,FALSE
CEB Mactan-Cebu International Airport,CEB,Mactan-Cebu International Airport,Lapu-Lapu City,Philippines,YES,TRUE
DFW Dallas/Fort Worth International Airport,DFW,Dallas/Fort Worth International Airport,"Dallas and Fort Worth, Texas",United States,YES,FALSE
GFK Grand Forks International Airport,GFK,Grand Forks International Airport,"Grand Forks, North Dakota",United States,YES,FALSE
SRQ Sarasota-Bradenton International Airport,SRQ,Sarasota-Bradenton International Airport,"Sarasota, Florida",United States,YES,FALSE
BSR Basrah International Airport,BSR,Basrah International Airport,Basrah,Iraq,YES,TRUE
CPR Natrona County International Airport,CPR,Natrona County International Airport,"Casper, Wyoming",United States,YES,FALSE
PIE St.Petersburg-Clearwater International Airport,PIE,St.Petersburg-Clearwater International Airport,"Pinellas County, Florida",United States,YES,FALSE
TLC Lic. Adolfo López Mateos International Airport,TLC,Lic. Adolfo López Mateos International Airport,"Toluca, Estado de México",Mexico,YES,TRUE
WUX Sunan Shuofang International Airport,WUX,Sunan Shuofang International Airport,"Wuxi/Suzhou, Jiangsu",China,YES,TRUE
CPT Cape Town International Airport,CPT,Cape Town International Airport,Cape Town,South Africa,YES,TRUE
HUF Terre Haute International Airport (Hulman Field),HUF,Terre Haute International Airport (Hulman Field),"Terre Haute, Indiana",United States,YES,FALSE
KMG Kunming Changshui International Airport,KMG,Kunming Changshui International Airport,"Kunming, Yunnan",China,YES,TRUE
PIK Glasgow Prestwick International Airport,PIK,Glasgow Prestwick International Airport,"Prestwick, Scotland",United Kingdom,YES,TRUE
SBT San Bernardino International Airport,SBT,San Bernardino International Airport,"San Bernardino, California",United States,YES,FALSE
YWG Winnipeg James Armstrong Richardson International Airport,YWG,Winnipeg James Armstrong Richardson International Airport,"Winnipeg, Manitoba",Canada,YES,TRUE
AKC Akron Fulton International Airport,AKC,Akron Fulton International Airport,"Akron, Ohio",United States,YES,FALSE
ITM Osaka International Airport (Itami Airport),ITM,Osaka International Airport (Itami Airport),Itami,Japan,YES,TRUE
UTP U-Tapao International Airport,UTP,U-Tapao International Airport,Rayong,Thailand,YES,TRUE
DGO General Guadalupe Victoria International Airport,DGO,General Guadalupe Victoria International Airport,"Durango, Durango",Mexico,YES,TRUE
HUI Phu Bai International Airport,HUI,Phu Bai International Airport,"Hu?, Th?a Thiên–Hu?",Vietnam,YES,TRUE
MCI Kansas City International Airport,MCI,Kansas City International Airport,"Kansas City, Missouri",United States,YES,FALSE
CEI Mae Fah Luang International Airport,CEI,Mae Fah Luang International Airport,Chiang Rai,Thailand,YES,TRUE
DGP Daugavpils International Airport,DGP,Daugavpils International Airport,Daugavpils,Latvia,YES,TRUE
ITO Hilo International Airport,ITO,Hilo International Airport,"Hilo, Hawaii",United States,YES,FALSE
LAN Capital Region International Airport,LAN,Capital Region International Airport,"Lansing, Michigan",United States,YES,FALSE
SSA Deputado Luís Eduardo Magalhães International Airport,SSA,Deputado Luís Eduardo Magalhães International Airport,"Salvador, Bahia",Brazil,YES,TRUE
LAO Laoag International Airport,LAO,Laoag International Airport,"Laoag City, Ilocos Norte",Philippines,YES,TRUE
SBZ Sibiu International Airport,SBZ,Sibiu International Airport,Sibiu,Romania,YES,TRUE
AVP Wilkes-Barre/Scranton International Airport,AVP,Wilkes-Barre/Scranton International Airport,"Avoca, Pennsylvania",United States,YES,FALSE
HUL Houlton International Airport,HUL,Houlton International Airport,"Houlton, Maine",United States,YES,FALSE
LAP Manuel Márquez de León International Airport,LAP,Manuel Márquez de León International Airport,"La Paz, Baja California Sur",Mexico,YES,TRUE
YHM John C. Munro Hamilton International Airport,YHM,John C. Munro Hamilton International Airport,"Hamilton, Ontario",Canada,YES,TRUE
HAK Haikou Meilan International Airport,HAK,Haikou Meilan International Airport,"Haikou, Hainan",China,YES,TRUE
PIT Pittsburgh International Airport,PIT,Pittsburgh International Airport,"Findlay, Pennsylvania",United States,YES,FALSE
QRO Querétaro International Airport,QRO,Querétaro International Airport,Querétaro,Mexico,YES,TRUE
TLS Toulouse Blagnac International Airport,TLS,Toulouse Blagnac International Airport,Toulouse,France,YES,TRUE
CEN Ciudad Obregón International Airport,CEN,Ciudad Obregón International Airport,"Ciudad Obregón, Sonora",Mexico,YES,TRUE
LAS McCarran International Airport,LAS,McCarran International Airport,"Las Vegas, Nevada",United States,YES,FALSE
MCO Orlando International Airport,MCO,Orlando International Airport,"Orlando, Florida",United States,YES,FALSE
MNL Ninoy Aquino International Airport / Villamor Airbase,MNL,Ninoy Aquino International Airport / Villamor Airbase,Metro Manila,Philippines,YES,TRUE
DHA Dhahran International Airport,DHA,Dhahran International Airport,Dhahran,Saudi Arabia,YES,TRUE
MCP Macapá International Airport,MCP,Macapá International Airport,"Macapá, Amapá",Brazil,YES,TRUE
SSH Sharm el-Sheikh International Airport,SSH,Sharm el-Sheikh International Airport,Sharm el-Sheikh,Egypt,YES,TRUE
TLV Ben Gurion International Airport,TLV,Ben Gurion International Airport,Lod,Israel,YES,TRUE
HAN Noi Bai International Airport,HAN,Noi Bai International Airport,Hanoi,Vietnam,YES,TRUE
MYR Myrtle Beach International Airport,MYR,Myrtle Beach International Airport,"Myrtle Beach, South Carolina",United States,YES,FALSE
LAX Los Angeles International Airport,LAX,Los Angeles International Airport,"Los Angeles, California",United States,YES,FALSE
YXC Cranbrook/Canadian Rockies International Airport,YXC,Cranbrook/Canadian Rockies International Airport,"Cranbrook, British Columbia",Canada,YES,TRUE
CRD General Enrique Mosconi International Airport,CRD,General Enrique Mosconi International Airport,"Comodoro Rivadavia, Chubut",Argentina,YES,TRUE
HUX Huatulco International Airport,HUX,Huatulco International Airport,"Huatulco (Bahías de Huatulco), Oaxaca",Mexico,YES,TRUE
MCT Muscat International Airport (formerly Seeb Airport),MCT,Muscat International Airport (formerly Seeb Airport),Muscat,Oman,YES,TRUE
OGS Ogdensburg International Airport,OGS,Ogdensburg International Airport,"Ogdensburg, New York",United States,YES,FALSE
YXE Saskatoon John G. Diefenbaker International Airport,YXE,Saskatoon John G. Diefenbaker International Airport,"Saskatoon, Saskatchewan",Canada,YES,TRUE
LBA Leeds Bradford International Airport,LBA,Leeds Bradford International Airport,"Leeds / Bradford, West Yorkshire, England",United Kingdom,YES,TRUE
LOP Lombok International Airport (Bandara Internasional Lombok),LOP,Lombok International Airport (Bandara Internasional Lombok),"Mataram, Lombok",Indonesia,YES,TRUE
YHZ Halifax Stanfield International Airport,YHZ,Halifax Stanfield International Airport,"Enfield, Nova Scotia",Canada,YES,TRUE
LBB Lubbock Preston Smith International Airport,LBB,Lubbock Preston Smith International Airport,"Lubbock, Texas",United States,YES,FALSE
MYY Miri International Airport,MYY,Miri International Airport,"Miri, Sarawak",Malaysia,YES,TRUE
BIL Billings Logan International Airport,BIL,Billings Logan International Airport,"Billings, Montana",United States,YES,FALSE
CRK Clark International Airport,CRK,Clark International Airport,Clark Special Economic Zone,Philippines,YES,TRUE
CFB Cabo Frio International Airport,CFB,Cabo Frio International Airport,"Cabo Frio, Rio de Janeiro",Brazil,YES,TRUE
LOV Venustiano Carranza International Airport,LOV,Venustiano Carranza International Airport,"Monclova, Coahuila",Mexico,YES,TRUE
ALA Almaty International Airport,ALA,Almaty International Airport,Almaty,Kazakhstan,YES,TRUE
MDC Sam Ratulangi International Airport,MDC,Sam Ratulangi International Airport,Manado,Indonesia,YES,TRUE
ALB Albany International Airport,ALB,Albany International Airport,"Albany, New York",United States,YES,FALSE
SDA Baghdad International Airport (formerly ORBS/Saddam INT 'l),SDA,Baghdad International Airport (formerly ORBS/Saddam INT 'l),Baghdad,Iraq,YES,TRUE
BTV Burlington International Airport,BTV,Burlington International Airport,"Burlington, Vermont",United States,YES,FALSE
CRP Corpus Christi International Airport,CRP,Corpus Christi International Airport,"Corpus Christi, Texas",United States,YES,FALSE
YXU London International Airport,YXU,London International Airport,"London, Ontario",Canada,YES,TRUE
LPA Gran Canaria International Airport,LPA,Gran Canaria International Airport,"Las Palmas, Canary Islands",Spain,YES,TRUE
TNA Jinan Yaoqiang International Airport,TNA,Jinan Yaoqiang International Airport,"Jinan, Shandong",China,YES,TRUE
VBS Brescia Montichiari International Airport,VBS,Brescia Montichiari International Airport,Brescia,Italy,YES,TRUE
YXX Abbotsford International Airport,YXX,Abbotsford International Airport,"Abbotsford, British Columbia",Canada,YES,TRUE
GIG Galeão International Airport,GIG,Galeão International Airport,Rio de Janeiro,Brazil,YES,TRUE
SDF Louisville International Airport (Standiford Field),SDF,Louisville International Airport (Standiford Field),"Louisville, Kentucky",United States,YES,FALSE
YXY Erik Nielsen Whitehorse International Airport,YXY,Erik Nielsen Whitehorse International Airport,"Whitehorse, Yukon",Canada,YES,TRUE
STL Lambert–St. Louis International Airport,STL,Lambert–St. Louis International Airport,"St. Louis, Missouri",United States,YES,FALSE
VCA Tra Noc International Airport,VCA,Tra Noc International Airport,Can Tho,Vietnam,YES,TRUE
FJR Fujairah International Airport (cargo only),FJR,Fujairah International Airport (cargo only),Fujairah,United Arab Emirates,YES,TRUE
IXE Mangalore International Airport,IXE,Mangalore International Airport,Mangalore,India,YES,TRUE
TNG Ibn Batouta International Airport,TNG,Ibn Batouta International Airport,Tangier,Morocco,YES,TRUE
ALI Alice International Airport,ALI,Alice International Airport,"Alice, Texas",United States,YES,FALSE
LPG La Plata International Airport,LPG,La Plata International Airport,"La Plata, Buenos Aires",Argentina,YES,TRUE
YYC Calgary International Airport,YYC,Calgary International Airport,"Calgary, Alberta",Canada,YES,TRUE
KNO Kuala Namu International Airport,KNO,Kuala Namu International Airport,Medan,Indonesia,YES,TRUE
TNJ Raja Haji Fisabilillah International Airport,TNJ,Raja Haji Fisabilillah International Airport,"Tanjung Pinang, Riau Islands",Indonesia,YES,TRUE
ALL Villanova d'Albenga International Airport,ALL,Villanova d'Albenga International Airport,Albenga,Italy,YES,TRUE
BUD Budapest Ferenc Liszt International Airport,BUD,Budapest Ferenc Liszt International Airport,Budapest,Hungary,YES,TRUE
VCP Viracopos International Airport,VCP,Viracopos International Airport,"Campinas, São Paulo State",Brazil,YES,TRUE
BUF Buffalo Niagara International Airport,BUF,Buffalo Niagara International Airport,"Buffalo, New York",United States,YES,FALSE
HYD Rajiv Gandhi International Airport (succeeded Begumpet Airport),HYD,Rajiv Gandhi International Airport (succeeded Begumpet Airport),Hyderabad,India,YES,TRUE
RAK Menara International Airport,RAK,Menara International Airport,Marrakech,Morocco,YES,TRUE
XCR Vatry International Airport,XCR,Vatry International Airport,Vatry,France,YES,TRUE
CFU Ioannis Kapodistrias International Airport (Corfu International Airport),CFU,Ioannis Kapodistrias International Airport (Corfu International Airport),Corfu,Greece,YES,TRUE
MDQ Astor Piazzolla International Airport,MDQ,Astor Piazzolla International Airport,"Mar del Plata, Buenos Aires Province",Argentina,YES,TRUE
MZT GENERAL Rafael Buelna International Airport,MZT,GENERAL Rafael Buelna International Airport,"Mazatlán, Sinaloa",Mexico,YES,TRUE
PLQ Palanga International Airport,PLQ,Palanga International Airport,Palanga,Lithuania,YES,TRUE
YKF Region of Waterloo International Airport,YKF,Region of Waterloo International Airport,"Waterloo Regional Municipality, Ontario",Canada,YES,TRUE
KBL Kabul International Airport,KBL,Kabul International Airport,Kabul,Afghanistan,YES,TRUE
MDT Harrisburg International Airport,MDT,Harrisburg International Airport,"Harrisburg, Pennsylvania",United States,YES,FALSE
MOT Minot International Airport,MOT,Minot International Airport,"Minot, North Dakota",United States,YES,FALSE
VDA Ovda International Airport,VDA,Ovda International Airport,Ovda,Israel,YES,TRUE
YYJ Victoria International Airport,YYJ,Victoria International Airport,"Victoria, British Columbia",Canada,YES,TRUE
SEA Seattle–Tacoma International Airport,SEA,Seattle–Tacoma International Airport,"SeaTac, Washington",United States,YES,FALSE
LCA Larnaca International Airport,LCA,Larnaca International Airport,Larnaca,Cyprus,YES,TRUE
MDW Midway International Airport,MDW,Midway International Airport,"Chicago, Illinois",United States,YES,FALSE
KBP Boryspil International Airport,KBP,Boryspil International Airport,Kiev,Ukraine,YES,TRUE
KOA Kona International Airport,KOA,Kona International Airport,"Kailua / Kona, Hawaii",United States,YES,FALSE
OLS Nogales International Airport,OLS,Nogales International Airport,"Nogales, Arizona",United States,YES,FALSE
SUB Juanda International Airport,SUB,Juanda International Airport,Surabaya,Indonesia,YES,TRUE
MDZ Gov.Francisco Gabrielli International Airport (El Plumerillo),MDZ,Gov.Francisco Gabrielli International Airport (El Plumerillo),"Mendoza, Mendoza Province",Argentina,YES,TRUE
NAG Dr.Babasaheb Ambedkar International Airport,NAG,Dr.Babasaheb Ambedkar International Airport,Nagpur,India,YES,TRUE
YYT St. John's International Airport,YYT,St. John's International Airport,"St. John's, Newfoundland and Labrador",Canada,YES,TRUE
LPX Liep?ja International Airport,LPX,Liep?ja International Airport,Liep?ja,Latvia,YES,TRUE
ALY Alexandria International Airport,ALY,Alexandria International Airport,Alexandria,Egypt,YES,TRUE
FLL Fort Lauderdale–Hollywood International Airport,FLL,Fort Lauderdale–Hollywood International Airport,"Fort Lauderdale / Hollywood, Florida",United States,YES,FALSE
SUF Lamezia Terme International Airport,SUF,Lamezia Terme International Airport,Lamezia Terme,Italy,YES,TRUE
AMA Rick Husband Amarillo International Airport,AMA,Rick Husband Amarillo International Airport,"Amarillo, Texas",United States,YES,FALSE
CGK Soekarno–Hatta International Airport,CGK,Soekarno–Hatta International Airport,Jakarta,Indonesia,YES,TRUE
FLN Hercílio Luz International Airport,FLN,Hercílio Luz International Airport,"Florianópolis, Santa Catarina",Brazil,YES,TRUE
PMG Ponta Porã International Airport,PMG,Ponta Porã International Airport,"Ponta Porã, Mato Grosso DO Sul",Brazil,YES,TRUE
YYZ Toronto Pearson International Airport,YYZ,Toronto Pearson International Airport,"Mississauga, Ontario",Canada,YES,TRUE
GLA Glasgow International Airport,GLA,Glasgow International Airport,"Glasgow, Scotland",United Kingdom,YES,TRUE
SUJ Satu Mare International Airport,SUJ,Satu Mare International Airport,Satu Mare,Romania,YES,TRUE
VER General Heriberto Jara International Airport,VER,General Heriberto Jara International Airport,"Veracruz, Veracruz",Mexico,YES,TRUE
RBR Rio Branco International Airport (Presidente Medici Airport),RBR,Rio Branco International Airport (Presidente Medici Airport),"Rio Branco, Acre",Brazil,YES,TRUE
AMD Sardar Vallabhbhai Patel International Airport,AMD,Sardar Vallabhbhai Patel International Airport,Ahmedabad,India,YES,TRUE
CGO Zhengzhou Xinzheng International Airport,CGO,Zhengzhou Xinzheng International Airport,"Zhengzhou, Henan",China,YES,TRUE
LCK Rickenbacker International Airport,LCK,Rickenbacker International Airport,"Columbus, Ohio",United States,YES,FALSE
CGP Shah Amanat International Airport,CGP,Shah Amanat International Airport,Chittagong,Bangladesh,YES,TRUE
DLC Dalian Zhoushuizi International Airport,DLC,Dalian Zhoushuizi International Airport,"Dalian, Liaoning",China,YES,TRUE
HDY Hat Yai International Airport,HDY,Hat Yai International Airport,"Hat Yai, Songkhla Province",Thailand,YES,TRUE
IAD Washington Dulles International Airport,IAD,Washington Dulles International Airport,"Washington, D.C. / Virginia",United States,YES,FALSE
CGQ Changchun Longjia International Airport,CGQ,Changchun Longjia International Airport,"Changchun, Jilin",China,YES,TRUE
IAG Niagara Falls International Airport,IAG,Niagara Falls International Airport,"Niagara Falls, New York",United States,YES,FALSE
LRD Laredo International Airport,LRD,Laredo International Airport,"Laredo, Texas",United States,YES,FALSE
NAT Augusto Severo International Airport,NAT,Augusto Severo International Airport,Natal,Brazil,YES,TRUE
BJX Del Bajío International Airport (Guanajuato Int'l Airport),BJX,Del Bajío International Airport (Guanajuato Int'l Airport),"León, Guanajuato",Mexico,YES,TRUE
CGR Campo Grande International Airport,CGR,Campo Grande International Airport,"Campo Grande, Mato Grosso do Sul",Brazil,YES,TRUE
PMR Palmerston North International Airport,PMR,Palmerston North International Airport,Palmerston North,New Zealand,YES,TRUE
DLH Duluth International Airport,DLH,Duluth International Airport,"Duluth, Minnesota",United States,YES,FALSE
MEM Memphis International Airport,MEM,Memphis International Airport,"Memphis, Tennessee",United States,YES,FALSE
OMO Mostar International Airport,OMO,Mostar International Airport,Mostar,Bosnia and Herzegovina,YES,TRUE
XIY Xi'an Xianyang International Airport,XIY,Xi'an Xianyang International Airport,"Xianyang, Shaanxi",China,YES,TRUE
BVB Boa Vista International Airport,BVB,Boa Vista International Airport,"Boa Vista, Roraima",Brazil,YES,TRUE
OMR Oradea International Airport,OMR,Oradea International Airport,Oradea,Romania,YES,TRUE
SFB Orlando Sanford International Airport,SFB,Orlando Sanford International Airport,"Sanford, Florida",United States,YES,FALSE
CSX Changsha Huanghua International Airport,CSX,Changsha Huanghua International Airport,"Changsha, Hunan",China,YES,TRUE
